{
    "role_name": "translator",
    "api_key": "90507776-38d9-43c5-9c32-e3de14b65b30",
    "model": "ep-20250217220553-gnpg9",
    "role_path": "D:\\pycharm_project\\pyproject_newbot\\pet\\DesktopPet3\\static\\roleText\\role\\translator\\translator.txt",
    "set": {
        "stream": false,
        "max_tokens": 4096,
        "stop": null,
        "frequency_penalty": 0,
        "presence_penalty": 0,
        "temperature": 1,
        "top_p": 0.7,
        "logprobs": false,
        "top_logprobs": 0,
        "logit_bias": null
    }
}